market,hour_ending,avg_lmp,avg_abs_congestion
ERCOT,0,31.2,7.7
ERCOT,1,25.266666666666666,6.866666666666667
PJM,0,39.93333333333334,7.533333333333334
PJM,1,35.06666666666666,5.366666666666667
